gp,T1_tempann,T1_rainann,T1_elev,T2_tempann,T2_rainann,T2_elev,freq
R9.1,11.21747255,935.1033325,324.5250549,16.51974441,1258.949401,1089.235687,80
R1.1,16.36586571,702.6491089,0,17.20164299,1030.929382,114.7643318,77
R5.77,11.16889669,775.2388305,480.6106264,15.31620218,1678.970765,1295.687226,104
R1.45,15.99828529,763.8038328,0,17.38228033,913.9398192,142.9376106,349
R9.115,14.44009208,940.195067,0,19.515028,1868.052491,747.6157533,101
R9.122,12.17226028,913.043213,0,18.56502342,1882.774169,1112.341614,259
R6.50,11.99838162,667.8781128,540.7451478,16.15966512,884.769348,974.7289125,44
R6.51,11.65948298,695.642456,580.9114379,15.75727082,1044.000732,1107.493591,31
R6.3,10.9811964,637.4751893,441.0239562,16.24784567,838.7472841,1317.207367,62
R6.172,12.3231168,603.6295165,255.2530517,17.81312324,893.043396,1055.32367,148
R6.82,13.74987365,537.2191773,133.8395843,18.20010425,1007.549561,908.1880341,14
R6.8,14.50250627,523.2160033,224.3886568,18.45268249,794.5733644,661.6442415,114
R6.134,14.36049176,559.3318176,240.7384491,18.12884999,866.3810731,845.2253875,246
R6.9,14.80421733,449.8244628,236.6447143,17.09331227,762.7680664,751.8756713,23
R6.17,13.74846747,410.5260008,271.1841735,16.35675527,850.1837156,778.8190611,89
R8.2,10.45420884,855.4609995,589.1115113,13.87770987,1492.158264,1069.946045,48
R8.90,10.28436612,575.448852,38.25598155,18.87954569,1401.681579,1157.798065,72
R8.20,12.58392001,688.3905632,553.3825684,13.74757432,1586.935057,775.1986695,24
R8.27,12.28494071,1029.859619,0,23.07316779,2627.094971,934.2255861,49
R8.52,9.567674635,990.8193035,911.1696477,11.98063374,1097.185883,1229.509858,18
R7.1,10.73694659,550.2950449,333.1231384,14.20509673,1604.691957,1191.569122,34
R4.2,9.88251687,913.223997,1021.940675,10.66716195,1041.696897,1209.641847,9
R7.80,10.73478602,628.7874762,614.2508547,13.52270222,1362.03357,1145.18103,35
R5.2,11.29002379,822.062989,0,18.28274343,2012.425537,1302.910095,135
R5.62,10.64861775,1109.557373,483.2841185,15.25742435,2161.857177,1332.672546,69
R5.30,11.82239628,960.9387195,429.4650878,15.95307063,1839.778686,1197.91217,54
R1.33,11.42017126,769.006225,0,19.24340201,1481.275755,957.9238585,250
R5.7,15.21031667,1048.398925,0,19.21048259,2140.84668,402.2364731,140
R5.78,12.39727594,861.4839475,0,19.77298167,1821.399719,890.6231233,64
R2.3,13.92707157,595.9865722,343.3120729,15.80208683,688.0151366,652.3352053,35
R2.186,14.44696858,565.3620607,217.7228548,16.95673229,649.3432007,576.7670136,56
R5.24,9.97860146,1084.339477,369.1934204,13.92477226,1418.767211,1209.941589,7
R2.145,14.63477756,601.2191161,394.322693,15.64531565,666.2267456,573.7231139,24
R2.7,13.86762477,593.008789,323.9394074,15.69413139,656.2318726,618.8557587,24
R9.32,11.54668235,925.482423,532.8535768,16.23715973,1344.494631,1189.593079,27
R5.3,10.91551876,624.817871,4.7465819,16.59105778,1654.022095,1056.158203,59
R1.4,16.22170067,695.2252807,17.66932296,18.58183291,835.4428101,91.6775589,32
R5.1,11.47751428,622.170656,101.6774292,16.77837184,2215.043212,1191.752746,57
R5.51,13.53527831,766.1405625,0,18.86122894,1821.174134,878.058777,48
R10.48,16.85152625,969.07837,0,17.95796395,1289.839112,33.19218921,47
R5.38,13.02456094,772.981325,42.0502927,18.1955166,1939.977907,891.5641479,99
R2.197,12.92413141,508.6246339,0,19.09178733,728.6224365,896.7126464,59
R7.99,16.56863213,963.782775,0,18.01483728,1549.831725,63.09367849,70
R4.107,9.81375601,472.6920776,701.9976199,14.38658237,1055.907166,1131.883362,29
R4.99,8.83722972,646.3380127,766.9278564,12.86350536,1094.209107,1308.21643,73
R4.163,8.620496748,806.5565798,846.767579,11.72075464,1083.313172,1262.854003,61
R4.28,9.81544209,699.9289552,483.2750246,14.55720997,997.4594728,915.4764406,13
R4.3,8.201508046,833.4243165,809.843383,11.83098555,1093.635559,1415.063355,96
R4.45,9.72410583,992.024289,917.651244,12.67061995,1256.600949,1469.73816,85
R4.140,10.03353547,904.64435,832.981385,13.50988436,1458.346863,1440.231507,148
R5.66,13.64427947,769.176393,165.4625243,18.33940887,1422.750121,872.6180419,49
R9.33,14.99868967,827.865846,3.3921815,17.61258127,1724.58606,718.7569277,47
R5.95,12.47253131,843.7925415,297.5198057,16.71360399,1603.696654,1001.134247,20
R5.74,14.5999603,641.4855962,0,18.23567582,1690.233887,512.6891939,53
R6.29,14.59683798,531.445923,240.4782412,18.13837242,815.525757,630.9997256,125
R6.46,15.8644695,551.1949461,249.3307799,18.76416586,666.3739013,512.5348815,69
R6.11,14.51910973,496.2965086,292.2390596,17.92032622,883.9697874,683.9641265,106
R6.166,13.75621031,477.798584,208.1521913,18.37199019,938.9289548,791.9468689,41
R6.13,14.65363597,597.5206299,367.6701659,15.72749423,641.6402588,511.1120299,36
R6.140,13.2387681,566.5809631,241.5718537,17.20053817,753.6390075,767.9582063,80
R2.6,13.25099326,559.8033142,122.9805604,17.29869604,690.135956,770.6098024,34
R6.178,12.95267775,467.8922118,0,19.03626729,705.807251,745.8853759,35
R2.144,14.17262364,579.6872558,373.3331603,16.10812856,675.5635984,609.1225889,7
R6.12,14.17273426,524.7698977,57.6562502,17.07145406,687.4315185,509.4685058,29
R3.2,10.13378954,743.8566305,704.0357057,14.79015114,1490.986268,1389.14331,74
R9.4,14.84270856,1028.109255,0,19.96811292,1739.582887,414.4119262,141
R1.89,16.38043403,1019.233275,0,18.91737173,1530.264525,136.081707,67
R9.131,16.26361085,908.038697,0,19.71652985,1711.056761,395.3132552,97
R5.6,10.9640684,977.262817,663.5875242,14.50060176,1853.875855,1200.118774,31
R5.20,13.14630507,1193.794067,0,21.16720391,1973.375123,965.9490356,131
R5.53,15.14115524,1328.533631,0,19.06371118,2022.230164,527.5568658,54
R9.3,13.19828511,1126.60901,0,19.13825512,1694.908203,309.3307915,32
R8.48,9.79532051,625.987549,122.481079,16.91683387,1354.841553,1269.185669,13
R5.65,15.40166666,1201.430543,0,17.57364464,1488.110354,200.433941,26
R9.60,14.57612039,569.6002208,0,17.96364975,1525.363404,757.859787,71
R9.101,16.49011708,592.4390865,0,18.20157528,1599.157228,78.78355505,84
R1.53,16.32592584,716.6328123,0,18.21666528,1313.065794,253.5843088,263
R10.38,7.6828437,472.1988525,340.5844422,14.10852003,1132.190797,868.9067077,14
R6.23,14.16453362,620.1721802,448.8693238,15.05081178,653.1106568,578.0170288,7
R7.134,13.13464071,850.2944655,0,16.0921774,1122.046909,472.3366469,50
R7.6,13.1841545,861.0828856,0,15.42285538,1061.520995,313.1596068,35
R9.5,13.67846871,563.474731,0,15.7011242,1209.277528,315.8816834,24
R4.16,9.059606075,985.962831,541.4587708,11.02884437,1165.391663,1083.685516,82
R4.23,8.919626225,933.2478025,383.781372,13.35854818,1220.518433,1024.572876,90
R4.6,8.267050273,964.2175915,427.9063111,12.16589308,1227.987855,1139.370422,118
R10.9,9.2291517,754.041748,551.8198547,12.42594812,1568.369141,849.7411193,20
R4.20,9.74285602,899.6660142,42.1834107,14.06093694,1142.900635,895.3687131,93
R7.77,10.27206994,935.566652,0,16.44737149,1131.41095,983.7011108,100
R9.6,11.94599724,904.2731943,0,16.00561809,1151.553591,654.6234054,56
R7.9,9.51562689,856.0849012,88.2507631,14.54387473,1333.573548,811.5824281,39
R9.29,8.236334325,750.365111,0,15.06780576,1318.888306,966.6596374,70
R9.8,9.64687301,840.5948486,327.0024415,14.00363874,1342.277588,821.6262817,14
R7.13,10.91631603,940.618652,0,14.83618831,1218.149414,746.5593263,67
R9.10,13.40235759,818.7549743,0,15.66040754,1105.791778,355.4455071,48
R4.12,10.17778873,804.1911012,155.1354371,13.51153277,1163.560974,820.0095827,71
R10.62,9.462153455,858.4094239,45.78846725,15.18751241,1397.435852,983.8079222,12
R4.76,8.070429801,962.457641,606.0631103,11.32433606,1431.270875,1299.263183,39
R1.78,12.5365944,821.3477785,285.2747192,16.54502488,1132.403931,1158.635803,61
R4.22,9.53644946,864.254274,6.8070069,13.92829898,1270.138062,1061.258423,41
R9.9,11.79785059,850.8604736,0,16.03790571,1113.742064,533.7554476,53
R4.10,10.13938092,851.5805052,164.5774384,12.8074727,1025.226868,914.3793183,26
R4.7,6.433999059,990.983461,697.7403258,11.17401696,1554.666567,1305.390413,14
R9.7,10.73031329,834.7751456,33.6936341,13.70408153,1170.939818,752.5613709,39
R4.18,6.19468879,939.323485,72.3416748,13.21624181,1494.910401,1223.029907,45
R4.9,7.714444636,744.0634154,662.7049257,11.5613494,1367.958191,1405.891936,130
R9.63,9.58604052,849.8579106,0,14.84804536,1178.609863,871.1019595,57
R10.130,9.603685378,751.878174,776.3350831,10.41258813,906.6259766,920.6418457,35
R4.13,8.107019422,849.7261961,533.9868164,13.53466605,1546.862916,1177.634277,17
R4.11,10.17486287,852.4240716,457.1118471,11.80321694,1131.216065,853.7687684,42
R5.10,10.42372515,892.6170666,0,14.41238787,1180.366333,630.1864013,41
R7.45,13.71872807,775.138674,6.61772155,18.28182889,1514.604004,295.7850075,27
R7.11,12.05784414,845.6384887,0,15.23155974,1100.278748,439.2138822,31
R1.99,12.86891746,646.2642824,0,19.5315628,1392.624511,1017.44873,67
R5.83,13.63342096,808.2848516,0,16.19225884,1278.899598,233.4136887,53
R7.88,11.19014932,830.7679747,38.9298401,15.65906621,1129.185027,595.1318357,46
R4.14S,8.163259506,764.486328,779.6473396,11.26637077,1284.846924,1183.616821,7
R4.125,7.366506575,719.9424135,419.1567982,12.14825439,1229.943817,1364.357361,58
R10.5,13.42192271,846.0421142,0,14.64251328,1074.040405,146.2513599,22
R8.102,13.88941002,704.3795167,31.13925935,14.58685112,1037.358155,120.109932,11
R7.7,14.17526054,763.6401978,0,14.71344565,942.4526366,70.96768476,10
R8.7,14.18703937,777.2259522,0,14.81661893,982.8259278,72.59206584,67
R7.14,10.40852548,896.253357,121.2399445,14.16902352,1126.28894,626.5951385,38
R7.75,5.41214466,688.8193354,0,13.6129389,1298.025145,1319.954041,9
R4.19,11.09527302,955.07312,232.3758851,12.90383435,1140.210693,588.3009949,22
R5.63,10.90697954,810.9591982,0,15.85593033,1120.499604,430.3302842,22
R9.16,12.77299502,785.3558958,0,15.16635894,1114.607849,307.2239341,61
R4.17,11.16721343,964.8425293,289.8173826,12.67573927,1075.801514,606.5739134,15
R7.96,13.28549195,834.9346923,0,14.62766649,1107.918335,172.4678802,23
R7.8,13.12458755,947.7336425,0,15.09723903,1079.386229,292.5788919,52
R7.48,13.61407565,943.972288,0,15.89892293,1242.642212,524.1913223,33
R9.12,11.92735766,651.7471315,0,15.09739018,1173.427063,424.6285095,101
R9.11,11.59856321,756.6262819,0,15.07227804,1308.632994,492.105896,16
R10.67,15.54718781,656.028748,0,20.8196125,2853.349305,8.569054365,50
R10.54,15.87049105,884.501039,0,18.4679642,1401.091613,8.285241457,50
R9.119,9.411640185,890.4012455,63.6379701,14.60980512,1250.514159,1116.506104,14
R1.6,12.70500375,672.0778809,0,14.82055855,1384.755371,366.3657683,109
R8.8,10.86297703,1032.396849,176.2329711,13.64923191,1359.316283,605.2474975,15
R1.9,12.32744074,801.3417969,50.4949036,14.66061067,949.7779542,342.0499496,12
R1.79,11.76046705,836.5425713,64.55645745,18.07969141,1249.95224,1008.210449,36
R4.25,10.51627683,825.0063781,747.9181213,12.20269632,1023.721344,1029.430145,26
R1.106,12.73743343,847.5885619,0,15.73166943,1071.331116,440.4639891,43
R9.15,14.09894848,690.1939088,0,16.8012228,1123.251282,368.876175,17
R9.26,14.11393165,560.1262814,5.777579296,15.19293021,988.3391722,25.16557598,5
R4.42E,7.186919212,526.3029483,260.1244197,11.25499344,1013.955231,1407.492645,92
R2.85,13.22953321,607.673584,401.9776001,15.24112417,694.8111574,672.4598999,19
R10.4,12.50831126,928.456726,0,14.96548746,980.6671752,356.1864167,5
R10.111,13.42120791,579.9115602,0,17.93059971,848.1120608,712.8525392,18
R10.25,15.61065102,967.729856,0,17.54245186,1459.105348,12.41746331,77
R5.44,19.0112753,1486.32428,0,20.17020131,2384.399963,16.18912363,52
R9.121,14.41198731,980.654051,0,19.92623903,1988.373291,680.5147477,97
R5.47,12.32620098,715.4871517,67.47973625,15.57908106,1216.737641,942.1593325,20
R6.89a,10.99519108,731.7049867,535.1185912,13.82861281,823.1271667,709.173584,10
R2.175,14.2936621,594.7666628,383.4552308,15.7777014,670.383606,571.9673156,27
R2.160,11.81758021,803.9776308,926.4644175,13.735734,945.2873842,1324.749328,40
R4.31,11.23618031,732.0359496,827.5814208,14.11157895,1021.026184,1410.729492,15
R6.20,13.14514686,470.2492678,277.2057191,16.70612763,864.2116089,763.0221253,36
R6.35,16.11465074,545.9244997,0,18.17056658,856.1759645,313.8372953,165
R9.86,13.53750134,686.0621033,162.6180422,16.22860909,857.0973815,807.1520691,28
R4.73,9.81524659,533.3828732,582.2683713,14.82314683,1068.991516,1201.164123,33
R2.101,11.27502345,557.217041,379.9681396,14.58946133,1023.400391,1152.505982,153
R2.129,9.81667807,592.1142883,448.5621644,13.69971086,972.0458069,1117.195282,160
R4.147N,10.030715,660.9782716,556.5831604,13.54808331,1066.686829,1143.31424,66
R4.102,11.81499481,636.973877,417.44989,14.96723557,865.4932862,738.4317016,27
R7.18,10.43140745,775.3020629,129.8615266,17.86348867,1058.069824,1462.328384,18
R7.129,14.58092023,796.9670409,2.6407928,17.788023,1256.793884,555.6026611,68
R8.9,15.05641747,808.8348389,0,17.52838135,1061.482178,502.9555053,131
R9.138,13.15482189,573.8259277,0,17.4830537,1154.0625,594.8102491,62
R9.19,15.01285555,566.2431029,78.36254145,17.58797265,946.5012207,468.93293,44
R1.11,15.0530758,724.5584106,0,17.33499527,972.7960815,368.1225737,14
R7.19,15.83664323,878.792483,0,17.19539643,1352.759035,284.3228225,67
R7.112,15.88706017,949.006714,0,17.25971795,1421.191528,219.7907638,139
R5.93,16.42056082,1089.960326,0,16.95048334,1318.199586,105.7971916,17
R8.24,12.68902588,739.5273434,0,18.44981194,1526.337646,846.658203,127
R6.21,10.92577172,547.0827027,299.5212405,14.42244816,711.1094972,769.7613526,50
R6.176,10.49604131,620.2037965,351.2236327,14.20638181,789.6853637,815.0795899,43
R4.29,9.116053085,360.0586548,460.8523255,11.88218069,958.2301026,1244.682098,28
R6.97,11.51969528,588.3125,555.2066652,13.42734908,763.1503904,814.8585208,57
R4.115,10.3153038,655.0342407,141.0390931,14.46536828,1071.26294,915.8797915,98
R5.13,15.32040215,822.0973495,28.3469391,19.96466828,2440.68805,881.3258515,74
R5.14,13.9054165,1030.256898,124.7920228,19.0595827,1728.29828,1095.342926,58
R7.118,16.03890801,867.5682375,0.49383353,16.77225686,1376.5636,70.56814193,90
R8.10,12.68373871,931.603028,0,18.37466239,1319.765382,598.5407563,59
R1.12,16.28856849,1023.525879,0,17.13961982,1330.666748,45.30523588,20
R7.120,16.09285642,1102.586853,0,16.75549031,1206.984926,76.81400108,16
R7.40,11.03824662,570.0661012,498.677948,14.35400914,1171.78186,1331.213287,26
R2.78,10.55569505,659.0737305,850.7964475,12.38255929,902.9419556,1135.312867,18
R9.95,9.74400711,622.4397574,367.7569581,13.91447641,1111.095519,943.9381103,27
R10.70,11.28970719,781.1524657,997.808409,12.50909615,853.5435791,1049.131041,7
R2.20,12.49671366,669.6751098,476.0322266,14.65778922,742.9187622,868.9697266,29
R4.49,10.96273421,701.9327087,367.9421387,15.06856821,777.3224793,1037.787537,32
R7.108,18.04048063,1010.103883,0,18.84894085,1556.417116,96.12119104,58
R5.94,12.2055378,1165.785826,0,20.22232437,1721.933409,967.0917357,60
R2.19,9.458238615,521.2346193,882.6331482,15.5247097,1217.393311,1211.396027,10
R2.15,10.85178424,679.506958,693.2427064,13.43179177,908.4703368,1032.230681,16
R9.52,12.04180146,667.3625486,0,17.3065815,986.3139648,869.5191347,47
R2.184,10.73008202,719.6138612,920.9745784,13.22063779,877.7115173,1015.842499,6
R5.15,18.09070395,1419.271728,0,18.25799371,1671.548341,23.4346223,18
R8.26,13.57326505,1248.843569,0,20.68529319,1828.353333,13.15985644,96
R10.71,14.74398805,1040.810546,0,21.47480009,1990.08545,10.96615458,41
R5.87,17.71760179,1225.602661,8.07981874,18.30445099,1822.611939,88.31658172,19
R5.26,18.94199373,1458.187744,0,19.40979005,1870.065676,25.99552869,49
R5.57,17.52789306,1281.699525,0,19.72388268,1668.909364,33.7192347,20
R5.97,13.35452463,1305.442996,0,20.03086663,2216.658082,541.4391176,83
R10.24,16.61764528,937.16992,0,20.73440362,1576.096924,6.547930418,58
R9.21,16.77164745,1077.205933,0,17.30632879,1344.176026,26.82275093,44
R9.53,15.88698388,1053.275511,0,17.48896598,1335.539427,8.862298488,27
R5.59,15.8518076,977.2109385,0,17.17683887,1493.303956,66.92914773,10
R5.85,14.63203191,1169.38794,0,17.59047366,2238.821777,482.936226,58
R1.14,15.80047797,1102.290161,0,17.30618094,1656.94519,203.0790365,6
R5.71,14.62553024,1020.983398,0,17.466465,1742.935546,328.6012497,57
R5.19,14.9509201,1009.990051,0,17.29635621,2092.354063,335.8840065,30
R9.140,14.77964307,991.575685,0,17.25120259,1859.259034,257.0395469,40
R10.34,16.05007361,919.276243,0,17.12742805,1359.726927,9.274518731,33
R7.73,16.58757496,976.0458985,0,17.77242184,1378.798464,63.76333618,44
R9.22,13.43649866,845.73816,0,18.27928734,1329.458376,155.6675758,33
R5.96,12.45518113,944.442995,0,17.62019731,1940.559449,819.1248778,83
R9.71,15.30924318,828.281249,0,16.973073,1393.339599,78.02768516,48
R7.38,14.61103439,677.811036,0,17.81721303,1450.552452,34.7585373,55
R7.105,16.64123155,1094.80493,0,17.34194563,1270.010498,19.45093441,17
R4.151,4.882673741,1075.666259,994.947325,10.19661951,1587.418335,1603.655824,62
R4.37,8.139338018,1065.09491,929.829897,11.17209864,1535.471496,1359.644593,54
R4.36,5.454270363,863.552246,948.974855,9.795051575,2204.859374,1731.907471,47
R4.162,7.151679995,959.751951,1007.809327,9.789962771,1712.137695,1417.131591,13
R8.13,13.26463509,755.3953857,21.51928709,17.64305307,1323.061158,608.1809387,23
R7.41,15.83836555,795.390504,0,17.96412085,1386.731324,209.2305679,139
R7.87,16.31783674,873.222412,0,18.2698021,1630.58872,29.49157808,149
R2.195,13.44466019,716.7783205,496.7673949,15.78517915,813.6811525,982.4971313,53
R1.62,14.3952694,769.2420043,0,17.752718,1023.464416,436.4202271,165
R8.15,12.5059986,440.8880604,155.4369506,15.92015266,1834.471801,718.0212402,147
R8.31,14.56594562,786.5658571,0,18.57119466,1020.515076,407.1466371,185
R8.14,13.33443643,782.6372376,0,17.2470541,1178.595123,503.7314263,100
R8.83,13.18816754,781.3545532,0,18.71432114,1230.085267,643.7809295,161
R1.80,15.07636834,746.4884642,0,17.62975502,976.5047606,189.7646579,52
R9.136,11.94503546,1086.368837,0,18.46761085,1681.934389,656.6706848,32
R9.120,16.34807968,1138.518553,0,17.29111096,1360.240233,115.5524769,13
R5.64,13.20262145,794.5631085,0,18.1414566,2237.493773,649.8869934,66
R8.33,13.57033442,1088.9657,78.0231321,16.94559763,1576.011354,624.2592926,82
R9.51,15.01770688,1024.130798,0,17.40564634,1635.627503,409.3411559,28
R7.89,15.12490894,1246.37799,127.4078675,16.6123271,1471.699035,390.1836394,52
R8.16,16.24048999,855.328859,0,17.62598039,1587.648683,71.18235969,53
R9.68,10.44099902,720.4309083,0,15.31564998,1071.846192,716.0587462,15
R1.17b,8.69663333,835.5829469,0,16.45272732,1384.959227,838.5838164,12
R9.38,13.92682839,839.4631356,0,15.99099923,1272.478272,199.6435394,81
R6.22,15.20624543,685.6802368,384.3882446,17.01516343,733.2072754,592.7804566,10
R2.56,15.9436579,608.0363463,321.0037231,18.08479216,812.8739928,592.8249816,40
R2.88,15.23968698,646.4967348,309.9153441,19.07766151,732.2757264,468.8497926,20
R6.5,14.00851725,524.026245,121.2810364,18.00184441,908.2185058,825.1643067,74
R2.189,14.81493472,705.0093996,582.2775879,16.1193552,767.1717532,817.2770995,13
R6.25,14.50068761,677.738495,283.6265413,17.97440624,910.6031799,766.8139498,28
R2.25,15.87719919,605.5671691,250.9311219,18.39303779,777.5519713,454.9620973,34
R5.61,19.07796,1758.940001,0,19.56211947,1845.642274,173.3872147,50
R7.30,16.90036203,723.600953,1.44908334,19.70297051,1812.898803,19.31598473,11
R5.50,18.09113788,935.2161265,0,19.91832065,1833.279969,19.99755572,30
R5.25,19.12280179,1596.421205,0,19.80679798,1828.221619,13.18343139,40
R7.58a,19.03363418,1569.409668,0,19.28223798,1651.453612,16.75394774,13
R5.102,18.94701194,1370.371213,0.153853416,19.92927362,2361.916137,16.14847851,37
R10.224c,12.36036109,1159.988344,0,21.02734186,2596.094056,8.848225116,12
R10.73,18.3664465,1285.33661,0,19.8017416,2571.260683,38.08539344,8
R8.17,18.56496621,1054.575561,0,19.91512489,1936.686401,31.91472292,89
R10.47,16.47896005,1029.654904,0,18.60431099,1625.890696,15.24298763,23
R10.123c,13.817276,1364.031983,0,20.42990876,1739.475831,17.92999554,9
R8.25a,19.49222563,1801.526247,0,19.63388059,1815.398315,47.61352158,13
R8.113,14.06069707,1100.132201,0,18.67909,1869.43164,540.0795592,46
R8.109,15.63165284,941.755616,0,17.43492128,1496.28052,308.9602965,109
R8.55,15.31118202,782.57141,0,17.30586434,1534.491576,305.6754304,247
R4.38,8.658318042,705.5248108,579.5532831,12.36414289,1075.660736,1392.457154,70
R4.1,8.99391983,697.0483704,577.335022,13.40387677,951.6222837,1440.60669,42
R4.71,9.75286677,686.7003174,409.4016724,14.14838791,908.0196532,1188.476257,31
R4.67,10.07180501,668.0468749,667.4461976,13.52588274,970.7227782,1060.531403,44
R8.4,8.84748744,680.4406132,726.9990236,13.42829036,1127.841613,1270.622925,19
R6.30,12.20630837,662.9985352,586.4924926,15.68607713,906.2526854,1203.492737,79
R4.112,8.938661565,504.926117,564.7810669,13.31114291,1040.696991,1208.405823,66
R6.52,11.286623,667.3999024,261.8355104,17.77982138,892.0946044,1224.932922,35
R4.74A,9.0032749,566.4631348,542.7910158,13.25181386,1005.072998,1298.605713,41
R2.28,14.68986127,567.9043579,65.9872744,19.22104263,866.8682251,619.5823672,29
R6.62,15.22985078,669.6516726,274.4048767,18.1548996,802.3508912,674.1544493,83
R6.147,12.23912715,589.4791566,166.7697142,17.09402847,874.4546205,1133.878662,44
R6.26,14.97588444,566.2495727,207.2044068,18.42155743,872.0841063,608.7382813,40
R6.112,13.21651936,500.6846924,317.2056276,17.18912887,837.9354248,598.2609558,24
R6.42,15.66425895,535.0045776,243.7086485,18.70012664,789.1370238,475.0826414,98
R6.44,14.24374769,545.8346864,243.8289185,17.6116638,794.1506654,650.100647,50
R6.136,14.46045543,581.5455933,212.5850527,17.98529577,883.1597291,786.7630006,178
R6.69,16.05473612,599.3271485,174.1352385,18.59857845,707.0031129,650.4405975,50
R6.2,13.21546077,650.2165528,500.7799073,16.52991581,874.5562744,930.2492677,59
R6.171,15.60460757,561.4235839,200.1139372,18.38930226,699.1874391,534.0851593,70
R6.34,14.62977029,637.6507568,223.4758913,17.87470055,756.734436,820.0711364,40
R2.170,16.07653808,649.0937499,343.0657655,17.46694947,708.958557,514.3703309,16
R6.80,16.0908165,656.0822142,272.8475954,17.90727614,721.536804,549.8705446,75
R2.181,16.00046349,602.6120607,237.0072937,18.44698143,750.2291261,515.0960387,35
R2.22,14.73543408,712.7472228,555.5040283,16.27906278,758.8531799,733.8903807,28
R6.33,16.7357731,651.1043093,109.9035948,18.20475198,754.6686403,389.1158142,7
R2.31,14.66109753,744.1735843,651.3455201,15.60924817,805.7363283,863.8421021,13
R2.23,13.80281354,642.2047117,527.4923707,17.23166944,823.1230467,1101.771424,11
R2.76,16.80778696,673.6116944,277.8284913,17.26887511,685.7329712,517.777771,6
R9.110,14.76477338,668.6757506,0,16.93158437,999.5275573,415.3948211,50
R7.74,10.98122262,794.7815238,0,17.65072775,1755.23953,952.018837,58
R7.71,14.81186388,691.3020934,124.4316865,17.59362314,926.3418885,525.7580414,54
R8.39,14.03140449,887.190551,0,17.50210761,1476.750365,439.8277741,203
R5.22,11.63494969,1366.598999,187.7177582,15.99183179,2372.069215,643.1864166,30
R8.114,12.35096453,920.663329,228.3759154,16.02708147,2167.327879,665.4389648,35
R5.4,11.69224884,812.617432,0,17.21115731,2167.045044,818.5056764,64
R8.5,11.99069976,732.768553,342.9835814,14.36381912,1557.491455,806.805969,55
R9.78,12.73282147,654.0114732,0,18.11148549,1523.154906,840.4073486,39
R7.31,11.77202128,681.4918213,505.4483033,14.23997784,1135.42688,826.2459105,53
R9.137,12.78342723,493.210328,507.5822753,14.22334003,1416.101564,724.2802735,23
R8.21,11.77803613,800.9183959,217.2203982,15.45001029,989.8461303,835.5635378,61
R7.70,13.73464013,668.4001466,269.6776123,17.41437149,1141.021607,508.2036133,19
R4.113,12.1754637,865.089113,671.5892333,12.97455502,1173.849853,887.2757569,17
R9.30,12.11811972,729.051149,0,17.4588151,1879.65576,865.7108536,40
R5.23,16.7280083,1234.953493,0.977869984,17.25695802,1299.214967,42.13313196,27
R2.32,12.74443577,720.7528689,522.3146362,13.68144369,785.6532596,567.7591553,10
R1.18,13.35356761,712.5633242,526.953369,13.57925175,723.4284364,561.5436399,8
R1.110,16.60267829,683.6613158,2.48770904,18.01145361,779.8790894,231.8719099,209
R1.74,17.30178451,727.659546,0,17.91822053,955.314209,130.5140152,51
R2.125,14.84276961,553.3366088,122.7539062,16.90562821,739.8185424,523.9230958,29
R5.55,14.18597031,956.8839105,0,17.99953937,1425.427004,788.6602786,24
R1.40,14.21162225,517.5967408,0,18.30945969,1314.995423,774.2231448,58
R1.75,15.61107443,704.059144,0,18.24314687,1225.801574,314.5978471,105
R6.73,12.70685482,487.9480288,229.6595763,18.46927833,821.2673647,897.7503662,26
R10.79,10.17921831,599.012085,804.1017152,14.72291661,1015.401428,1066.130585,18
R8.12,10.62488699,779.1761168,667.7996228,13.30241155,1035.950897,1107.313234,10
R4.39,8.770680432,935.697389,819.8857424,10.7079096,1087.915893,1115.662842,29
R8.22,12.38675356,-189.906678,522.1967469,14.43610717,2018.658874,664.9222108,22
R6.161,14.75001336,567.9363403,86.0332641,18.99964334,742.4413451,578.9403381,15
R6.153,14.48038627,436.3340455,132.7969664,18.06934786,865.1038209,560.8209381,22
R2.149,15.57646942,533.1705629,268.8825381,16.80643557,621.2411805,421.6910097,8
R2.51,14.18817138,500.030487,251.5488738,19.41422464,631.9235536,417.6391449,14
R6.142,15.85157014,553.8158569,43.9466857,20.55549432,664.8146361,389.3805388,40
R2.183,13.73278238,371.1619872,277.5329284,18.11328314,646.1414796,449.7952576,9
R2.36,15.46222877,556.3916626,314.8219908,16.42776681,614.243225,455.4241636,21
R5.60,12.73862265,634.484498,0,17.97774123,1980.115846,755.2210997,71
R2.37,12.97497653,743.0662233,659.5286866,15.49335577,946.7583617,1118.457642,41
R6.114,11.93779183,730.7141723,893.2453624,13.70066643,820.3704223,1155.678712,105
R7.33,19.06770708,1524.231077,1.014370204,19.54050828,2066.457641,6.567274808,11
R5.49,18.98879051,1775.365354,0,19.96908951,1859.509399,85.15498925,34
R10.159,17.59159089,686.05603,0,19.39411163,1511.796754,13.75035858,19
R7.58c,19.05563735,1551.652954,0,20.00505447,2209.52649,15.74930525,17
R10.22,16.50189876,680.0396715,0,19.82300283,1542.821777,8.725831749,52
R10.103,16.2527609,1385.382996,0,19.35922145,1528.213684,11.75260272,10
R10.122,17.54585838,541.840456,0,19.5247631,1741.880496,8.941519736,13
R5.27,18.87295916,1271.025512,0,20.48740008,2542.694944,14.91843939,29
R5.40,19.15416335,1485.403078,0,20.35299681,2126.719728,16.07181406,15
R9.116,18.81428623,1560.649841,0,19.29343889,2237.426573,266.8352052,22
R7.21,15.12862588,1001.225463,0,16.60120202,1344.797975,185.376957,55
R8.23,14.98221301,1752.006714,365.6712339,15.30889702,1812.378664,516.8190308,8
R1.59,17.85312653,983.875977,0,19.07101059,1338.394529,72.63389588,67
R9.79,17.40372466,756.677,0,19.49288558,1923.942136,107.9490948,59
R1.44,17.98023605,996.5570095,0,18.97333145,1387.647218,109.3606567,134
R8.25c,17.50715447,1094.210204,0,20.61071587,2333.270264,86.55094912,9
R5.29,17.6741514,1010.231811,0,19.60555361,1569.642945,115.2554102,28
R7.23,18.21409322,1177.565064,0,19.19251348,1780.698,68.0751381,18
R7.35,18.41720581,1226.074707,0,19.14178469,1439.267579,69.04236888,9
R2.147,10.87251711,589.31427,179.8804474,15.56386804,814.0496217,852.6107331,42
R8.81,11.68289995,771.0933838,568.4657288,14.00431873,992.755127,866.0281068,48
R2.39,12.06269885,742.9528503,487.8658142,14.27183484,841.5638123,874.5126036,18
R4.114,11.8826294,665.9490358,355.8166502,14.34908678,976.004944,838.3571778,35
R4.51,11.20202925,385.9140015,110.2562258,16.47031309,990.8864133,1226.035767,15
R7.94,12.29001424,789.6176756,0,16.81497954,938.0295408,812.8228761,43
R1.20,12.19907571,759.8822631,0,16.95579624,942.4229127,852.6090088,38
R1.28,11.82769871,649.1431884,7.0823668,17.13074207,827.2436522,746.976715,55
R1.57,13.1077442,753.2963257,0,17.06852148,1011.806824,619.8693237,33
R9.85,12.27413751,802.0849611,0,17.70996283,1096.718018,844.8754883,17
R5.8,13.55890655,602.0272828,0,17.50641631,1282.506044,658.090912,25
R9.129,11.15907765,866.389525,763.68341,14.20389653,1543.692503,1189.614683,35
R3.19,9.430025115,491.7180795,955.1529535,14.75157928,2029.842102,1469.53833,26
R10.52,8.97739794,933.572633,1076.930481,11.99287892,2647.979371,1512.56671,18
R4.40,8.35753059,1159.879699,1116.651854,11.66495324,1828.29193,1747.551146,48
R9.112,15.44664382,824.0717785,0,18.1235485,1451.980349,446.8899615,180
R1.31,9.760313985,650.4337156,42.0287171,16.51268768,962.0126951,1017.952423,50
R5.89,14.95766068,875.849366,98.465088,18.56647876,1386.756102,615.1165772,45
R7.90,16.30600356,1101.706969,0,17.35341644,1485.993224,37.80197763,22
R9.74,15.19663049,854.002807,0,17.65138435,1587.205201,321.108696,87
R5.33,15.69568062,1248.862183,0,17.18037033,1464.690307,364.8695407,12
R5.32,15.18588829,1093.502566,0,18.13889887,1484.633424,236.7381898,15
R7.92,16.49511813,953.152284,3.247281792,18.36267565,1511.432924,33.45055937,34
R8.120,16.67284966,875.096558,0,17.55012322,1757.48181,12.64740467,41
R10.30,16.33920671,1138.529052,0,23.69762039,2270.578856,9.242086648,29
R8.35a,16.75228502,591.673337,0,17.24684526,1546.767577,85.15717316,7
R5.46,14.02334785,832.000975,124.823944,18.12841985,1370.433107,695.2980652,37
R7.107,14.7755251,1121.865173,0,16.91791247,1306.033996,12.64605117,22
R5.36,14.9712,982.55,0,17.1938,1627.43,234.6513,19
R8.44,14.48875618,1266.192138,0,16.75749778,1416.956542,561.8398284,19
R8.19,12.85360984,1069.807331,27.65509288,16.38817158,1389.998644,598.6090222,8
R7.103,16.57946874,1149.898682,0,17.24582958,1465.560426,63.78334331,38
R8.36,16.2854805,1173.936096,0,17.11457442,1296.895083,66.35004805,14
R9.35,15.64582157,1125.014892,366.4871063,17.91196344,1192.529786,609.654312,16
R4.33,7.646597386,482.4875488,318.8950799,11.7520938,1145.247742,1301.30023,56
R7.132,13.33850288,856.927612,0,15.66208076,1195.25818,493.8645859,45
R6.4,17.96088221,507.2788087,136.0992738,19.31452751,642.2392579,319.9018554,31
R6.36,18.20832061,535.3591312,174.0600431,19.64251709,611.2333984,291.1285247,17
R6.55,16.42698004,532.7261962,137.0483475,18.86634732,763.1583863,685.1210099,24
R6.39,16.39811704,540.8642576,208.748688,18.7746124,749.5180664,441.4076232,33
R6.38,13.61709022,470.2052613,135.0950013,18.45931436,634.8701783,305.3124085,27
R6.81,15.73168755,532.2905883,135.576355,18.97069168,850.1929321,537.6535643,36
R6.40,15.82748412,630.4363405,266.0126648,18.57178496,778.1903687,618.5203552,47
R6.37,18.39009665,511.1100464,166.2727966,19.68784903,621.1580202,256.5759888,23
R6.157,14.81877901,584.0225219,311.3971252,18.27011489,959.3674927,837.1605528,29
R6.105,17.8267555,518.5039671,156.7160338,19.1732521,652.8191527,297.001129,9
R7.39,10.52040149,865.3593744,0,16.35182525,1190.059265,840.2009277,6
R4.96,10.63815737,457.8612976,557.0327149,13.9993577,1117.20285,1178.01294,28
R2.40,10.4995184,631.7746584,430.5475464,12.82272244,1030.342285,901.5426636,29
R4.43,9.76892233,319.1295776,556.0005189,13.83921767,971.5093995,902.9659119,20
R2.180,13.98162458,605.2805787,336.1353758,19.0759773,766.3972779,602.0024414,13
R6.145,12.66028498,618.6793824,441.7486878,16.00819682,884.4269409,1027.262299,52
R2.81,13.38856029,598.3712768,329.1935424,17.27959919,881.9019164,747.2597044,67
R2.41,11.77301932,752.240448,796.5022582,14.41220142,968.2711486,1039.661072,18
R2.43,11.91676998,847.0748292,947.936282,14.04341602,1063.229858,1269.064332,11
R3.6,11.25741956,782.5578003,946.460325,13.41971588,994.9076535,1235.725465,41
R3.39,10.57657624,823.7459106,756.3850106,14.47076798,1232.81488,1290.896241,95
R6.117,12.5201521,710.7131346,667.0245363,15.58871366,893.6079102,1157.755249,13
R6.61,16.84097478,567.213623,274.395111,17.65976142,630.008789,420.4070742,21
R6.106,16.88157176,581.226593,245.6696778,17.99032496,633.6709899,319.2585753,18
R6.41,15.97249221,365.383362,117.9088743,17.39881899,688.6968994,582.1915893,7
R6.122,14.58309172,534.1007688,101.1798705,20.1355362,1153.126648,986.9805297,9
R6.123,15.69614412,652.899231,350.785736,17.62389372,692.0999146,632.3058776,5
R4.74B,8.164147375,705.0630492,728.7031253,13.40151978,1239.115783,1396.892394,20
R2.154,10.61685373,576.6147461,339.4096679,15.67299081,937.8978273,1128.597412,47
R2.60,12.20682098,518.8815002,519.9169923,15.19311285,828.0642397,875.336609,12
R2.79,12.33159114,708.9752806,528.439667,14.18740416,734.8928831,854.3591616,32
R8.59,9.77457476,644.5256653,541.0002134,15.00567676,1067.093964,1105.035614,22
R2.77,11.91461752,634.470886,712.0781249,13.83103942,849.9231566,1009.216064,15
R1.30,12.81089974,596.064575,424.3560181,14.59420586,827.8690186,851.7564085,21
R1.48,12.58263114,574.4406739,89.9069215,17.4130888,914.9433595,951.0705567,15
R2.153a,13.32423258,613.2217407,445.792633,15.45247603,716.1094969,592.1338198,6
R9.88,15.67425728,940.263916,0,17.53455164,1411.06372,252.1885986,63
R9.40,11.71064379,649.0097668,0,18.30552578,1402.083376,790.5372697,100
R7.62,13.60918425,980.0678705,45.56438465,16.83858298,1407.535156,545.6951676,52
R9.34,12.68199826,920.014466,0,17.02925682,1373.443909,555.6141891,32
R5.56,15.52747725,1443.630981,0,18.93022155,1975.591429,366.8109896,75
R5.67,14.03817749,890.630493,0,19.00464056,2622.476072,953.2461089,82
R9.93,14.38945484,980.108399,0,15.90698336,1504.393067,64.15588378,29
R3.32,10.65460015,741.6470932,1080.818479,13.37161447,1185.08972,1377.452271,49
R9.83,16.47956466,810.1880491,0,17.65044022,990.0552367,40.57913588,29
R9.97,14.59245303,810.9507448,0,17.62093737,1140.416077,305.42099,31
R9.114,12.99797918,806.8225401,0,17.12553883,1023.770844,467.7048453,18
R7.43,14.42503358,620.3338608,0,17.47468566,1430.533322,301.9389419,25
R10.52a,9.73285294,1154.914549,1270.749757,11.29551314,1312.961425,1526.686769,5
R5.34,15.95544817,1101.198,0,17.49874497,1366.599368,160.4148445,45
R5.19a,15.61361982,849.1990356,34.02511595,16.76530269,1041.836305,253.3701324,12
R7.42,15.55908012,964.2127695,0,17.39645006,1409.783205,281.1533279,68
R8.40,15.95992471,1150.882141,0,17.2683239,1330.891176,226.0767631,44
R2.139,13.24827767,735.9374998,785.5253296,14.76016047,813.6281738,1000.159363,49
R2.45,13.3143244,705.8297729,402.1248782,15.24725056,810.8224485,1043.54187,9
R2.123,12.84140493,761.8392945,813.6691902,14.13715651,1013.565613,1211.017945,7
R2.46,12.62741376,661.5328979,503.2480163,16.11229514,852.3860474,1100.702912,68
R6.109,13.31195641,587.3225708,235.1640624,19.61089133,889.1209104,993.350952,45
R2.188,11.90638731,676.3037719,535.2074587,16.24511339,876.0066527,858.7277223,17
R6.57,11.94040393,643.6431887,521.5790407,16.19720364,834.3117067,1078.235108,34
R6.32,13.8626957,600.2329711,474.6052856,16.6267128,777.5934449,896.9137574,15
R2.148,10.47963236,610.7182007,313.7919312,17.14200116,819.6378783,1095.873718,17
R2.48,15.82833481,537.2141419,248.011322,16.84912683,625.4421082,474.2679749,26
R2.50,15.65772628,523.4074096,280.1807557,16.85381696,617.8495484,413.1562193,21
R6.188,14.95917035,507.3291016,68.9077607,19.23216726,660.5635987,472.1781007,30
R6.60,17.44054987,612.6898804,218.7562866,18.28428461,681.9036256,400.489441,43
R10.165,16.2683277,549.3023376,353.3626402,16.37365722,554.8330994,377.5180053,6
R2.89,15.19328688,564.1429749,343.7596435,16.38832282,634.0827942,515.5611877,54
R10.94,17.29672336,572.7921144,181.3328935,18.53408718,586.01355,534.8768083,10
R2.171,14.23843572,493.0439454,239.4278257,15.45868872,978.0002442,454.0072937,33
R5.43,18.3699322,1371.492066,0,19.84062768,1811.262574,11.79415822,13
R11.81,18.33181763,1387.596254,0,19.48578263,2303.781434,273.8346787,34
R5.91,14.79143047,1614.811096,0,21.06065274,2531.057801,623.5555762,48
R5.41,17.0649128,1571.338499,0,19.77870368,2138.261841,304.6473238,71
R6.98,14.45239354,623.4905394,93.3874206,18.63500501,754.8749391,812.0350341,70
R6.164,14.13272332,684.9126282,115.749817,18.63475084,811.6893617,945.5376281,24
R1.24,12.43659495,813.9882815,607.0611571,14.15199947,895.0539551,796.0994875,5
R2.55,14.07536412,607.9313963,388.2380984,16.01224424,711.8173827,651.1345826,83
R2.54,12.26799772,634.3891601,261.8190919,18.5744438,694.5913085,817.4493407,21
R5.88,12.28936292,1236.232542,0,21.6589384,3209.185178,821.0140379,53
R10.96,16.7873001,604.2902221,238.9801332,18.41989517,670.850586,444.814728,22
R6.75,15.20202255,535.1749878,95.9650879,18.97087477,670.1594848,453.0958251,24
R2.34,15.83675574,303.1050416,400.5788882,17.36301614,838.7803344,807.0088198,21
R6.65,14.04775334,598.5467529,236.3663024,17.90016462,805.6339111,621.4511414,42
R6.48,15.36329079,508.0960085,360.8789675,17.36871147,772.9475709,592.0716553,19
R1.25,15.04055405,374.4640503,126.8070985,18.23754883,891.8701781,540.3979189,7
R7.22,11.24763108,645.44635,49.1334535,17.39066696,914.5103148,979.2490539,57
R6.184,16.00601577,584.8923948,72.0131607,17.77689741,850.7925412,360.4148331,17
R1.55,16.80965614,627.0624696,49.87809765,17.76098822,892.5007018,185.9910966,52
R8.106,16.47845269,793.9858706,73.70380405,18.0521946,964.8235169,210.1392443,26
R7.111,16.21549799,739.4835511,0,17.77515986,908.8175967,257.1614914,38
R1.83,13.1913042,443.2047121,128.3742067,17.70021345,918.3649292,708.1716461,20
R1.56,16.01901151,596.3017271,56.7230452,18.10204411,758.7764586,318.7453078,12
R1.70,17.19579314,637.5110475,41.8253937,17.60482026,689.9229127,126.591629,25
R8.53,16.30127715,993.256469,0,17.72030257,1395.160523,128.3221855,155
R9.39,16.07414244,719.34827,0,18.06038664,1535.81897,70.30320168,53
R5.52,14.76293564,870.122498,0,17.84296607,1383.2298,637.9725226,50
R8.107,13.40835858,986.327819,304.4426575,15.19520377,1676.241516,606.089569,36
R4.147SW,9.91818144,741.1376942,325.1206665,13.46369268,1373.67163,993.1277467,71
R4.68,9.64030933,827.6478272,375.3857423,13.80961705,1233.547241,944.0524903,93
R4.35,7.080736161,916.266359,890.9823,10.52018356,1852.716797,1422.64148,135
R4.47W,7.525309086,821.144835,784.826782,12.57675027,1637.333192,1447.910279,10
R4.54,9.05099823,736.664125,444.7312623,12.79030276,1356.376282,1279.956664,62
R4.82,10.14939641,753.6463014,321.4240113,13.00198317,1304.202211,1097.14978,66
R7.136,12.76185894,629.6095276,281.5068053,15.80880546,1010.625213,769.7278747,30
R9.36,10.81744051,693.9009401,90.8604737,15.50110198,1043.611816,925.7438049,38
R2.205,8.58422758,654.9994509,55.1189574,16.27094174,949.9286501,879.1812134,17
R9.84,10.69252395,764.5244752,143.5973816,16.56469917,977.3670044,782.9565432,31
R9.17,12.54294252,644.096222,194.9080812,17.18233443,1266.737028,642.1480408,30
R7.69,11.51294422,667.1076658,192.4697264,16.05743886,1505.385988,932.8291016,81
R8.49,11.8790455,154.868409,387.4699096,15.98801804,1353.992312,1233.08197,15
R7.53,12.72049809,773.9139405,202.1028442,15.13561345,1065.740357,720.4603882,37
R9.61,11.52442646,623.2985229,0,18.4135561,1658.431334,1126.040344,53
R1.29,13.98403645,769.3434446,0,19.18006609,939.3976438,335.3326187,33
R7.76,11.35415838,802.6556397,227.3996583,14.16115378,1308.439087,924.7600095,29
R9.98,10.07413389,781.1806033,0,17.73771381,1217.150269,1236.782745,14
R9.87,14.53602839,450.1853332,0,17.4063983,1565.126372,462.8989485,10
R5.81,13.35601235,886.58325,0,16.09120367,1483.40405,652.8406218,25
R5.42,13.60372399,1034.857605,0,17.20337246,1300.179872,711.5300561,24
R6.190,12.1933155,571.4129334,439.0533142,15.4065056,755.8996277,1055.12265,14
R2.121,11.45297956,665.249176,581.2838134,14.77956535,822.7142029,875.9517822,24
R2.21,11.23421764,715.8015138,756.0222779,14.4248724,895.6489258,1094.774231,13
R8.34,10.42904281,627.126464,641.8031922,13.77264022,1588.30786,1159.906769,72
R8.105,9.62578201,856.5946045,871.437011,11.94240189,1198.039306,1287.026121,35
R2.18,12.08655979,625.9894411,271.2766876,15.73219919,755.5919191,709.1468966,12
R2.17,12.79854395,625.7649539,483.2063599,15.53810501,760.8897095,655.6057131,11
R9.43,14.24385358,819.2887879,0,14.9914341,918.309723,58.16648341,32
R7.125,15.08296968,1171.533203,100.4189302,19.8510895,1365.731446,477.1955565,14
R9.44,11.16979694,761.7475582,428.0781861,15.49350262,2098.112426,1209.99823,18
R8.37,14.76022148,982.748659,17.1159975,17.08877944,1548.749391,396.5732729,103
R7.95,12.31726932,1006.390321,0,16.31556035,1072.43976,633.0088959,16
R8.69,9.84581949,861.4382942,0,15.97801591,1135.430117,1070.929749,19
R7.78,8.40028478,848.7079469,0,17.03640749,1191.815674,1317.306671,14
R7.29,13.52625277,989.481445,0,15.83327105,1230.637209,339.4831238,37
R9.105,15.02153968,1134.284302,0,15.74866676,1306.180052,188.9189529,47
R8.35,16.42353439,1262.002197,50.97654724,17.14197159,1302.646729,94.2735138,9
R4.165SW,9.641989715,728.504181,302.1332703,13.92683221,1032.595001,925.9749146,34
R2.150,9.64199066,702.4707031,0,15.68679046,1172.163574,1056.844116,17
R7.49,16.23459149,1016.494874,0,18.71965121,1443.265624,396.1556475,18
R7.137,17.7033596,1091.631837,0,19.36788368,1626.256591,137.4713859,23
R6.59,14.85792925,533.6446841,266.2507476,18.14570427,725.7346498,431.4111175,14
R10.23,17.56536484,599.9188232,262.2685087,18.3619213,654.4494018,336.6896208,20
R10.217,17.23385715,597.5398254,212.5532226,18.68916798,758.2992247,449.1815185,18
R10.118,17.41834259,626.619629,301.9105223,17.86446761,675.3248292,365.4947509,15
R2.132,15.01253509,562.2621461,274.7526243,20.97367098,714.678955,568.026367,12
R2.35,15.60961916,595.3471678,256.1501768,17.76219176,693.7150878,537.3833312,117
R2.133,16.93252373,568.6066282,160.0726471,18.86116601,695.4906614,445.1181795,17
R10.8,16.72745038,1190.452087,0,17.97836973,1553.280335,19.60772943,32
R1.61,14.977046,988.4431145,0,15.31479742,1073.826904,47.37483073,16
R9.45,14.51358986,1006.409545,0,16.71045303,1492.180297,30.07435988,32
R2.63,14.10124158,461.8121337,182.5192412,17.96581603,611.2106324,583.5029144,16
R5.37,10.58218574,434.710083,0,17.8268795,1522.132812,787.0305176,39
R5.35,16.54152298,1158.947754,0,17.40692522,1275.586426,113.3687096,45
R8.103,15.99649431,1159.3208,0,17.72486307,1223.924072,123.4317474,108
R8.3,16.73550034,1206.355346,0,17.00898362,1243.480346,96.93678285,21
R8.72,16.21311189,1137.516971,0,17.42076109,1392.968631,142.4180717,37
R1.32,14.83476638,938.993775,0,18.54889298,1248.743775,380.2829895,101
R8.63,16.70964049,814.5631104,0,17.23271179,954.5062256,63.71487999,43
R4.141,10.69721222,630.5289307,561.6423647,13.04765227,831.2927247,881.7456361,34
R4.145,11.65449238,634.3658752,561.678711,13.37863161,801.9038391,908.4069213,44
R6.90,11.73235273,606.4113769,153.8662415,15.35850667,801.4646607,751.8714294,46
R6.158,17.48913384,447.0639647,145.3357544,21.03544424,631.7534179,292.5075684,33
R4.78,11.09397126,922.5368347,658.8640134,11.90095904,1173.455415,754.9808347,16
R3.36,9.78251074,839.4306032,859.035888,14.23853109,1197.195802,1591.202418,86
R3.40,12.70980166,952.8634045,590.5055543,14.98402691,1132.730226,1039.243164,56
R3.11,11.05382442,862.3404526,951.815306,14.4931116,1172.763304,1294.517944,35
R9.46,13.68224239,665.1337279,0,17.74319363,1075.253113,895.3504946,41
R3.9,12.72680089,886.58844,921.0877689,13.68612477,1000.238586,1032.08191,25
R3.24,11.44421863,942.094605,877.876833,13.04929447,1181.150757,1275.389529,77
R3.1,10.92155981,880.6935445,815.5140084,14.30598021,1227.289613,1394.848176,122
R1.37,13.76445867,681.7049867,0,17.69112969,1060.044586,656.0279082,72
R7.52,13.22997187,624.5009463,49.48721325,17.43229485,1055.834808,726.3634035,62
R1.107,13.04032326,534.3127443,41.2312621,17.40442945,840.9308471,684.8379517,18
R9.107,13.06524658,676.9363707,92.67427045,17.57379341,802.7799376,476.7151947,26
R9.126,12.8363023,607.5739136,0,18.12267543,1070.565735,882.1899569,22
R4.150,6.789595603,799.6633912,1041.759095,9.863160133,1325.268005,1543.098449,28
R4.55,8.52788163,744.013914,461.3437501,13.81746483,1331.364988,1312.517822,31
R9.133,16.16471195,1044.297669,0,17.6694956,1441.182922,120.9630032,86
R9.80,15.82094001,722.929809,0,17.55746841,1527.37732,366.9565164,60
R7.57a,15.81200791,1196.006836,1.92549895,17.02785875,1306.396972,116.9660874,13
R7.24,16.28554152,1204.046386,2.421985627,17.08613968,1298.966794,10.24360848,25
R7.110,16.53352355,1045.862488,0,18.24262428,1375.754945,129.1898365,56
R5.73,15.33210947,1096.507203,0,17.34424591,1327.652956,277.7951108,86
R7.123,16.35439873,984.8142085,0,17.27994157,1277.411499,87.88306999,64
R4.64,10.47635554,723.1540528,1116.666746,12.15549754,1092.420654,1476.566162,33
R4.164,10.30121516,634.417358,1111.459473,12.10623836,1185.394896,1434.780273,25
R6.137,10.51732734,701.4907224,742.5068346,13.81630802,908.3190916,1264.696777,105
R4.105,10.14681433,699.8208921,1116.183901,12.44626046,1061.846893,1539.050475,58
R4.123,10.98630237,648.4110716,835.457521,14.01813601,952.6217652,1547.105957,45
R4.101,10.75291156,721.812378,972.890991,12.94573688,966.4188232,1449.685911,53
R4.75,10.67830277,669.5467528,420.0058592,14.66235733,864.9160156,1095.662109,11
R2.136,10.57416487,646.6340639,436.7851563,15.20319795,884.393036,1159.040771,28
R5.100,16.2291441,663.3508288,0,17.71807576,1446.140441,155.655922,46
R9.54,16.86441804,1192.976195,0,21.3135643,2049.843383,30.02436923,31
R10.42,15.84380725,1006.899414,0,20.72514725,1700.796874,18.27343893,65
R1.41,17.96636867,348.055603,0,20.16056729,2342.776429,50.03862666,14
R7.126,15.09966946,917.7957755,0,16.93935872,1178.40161,237.8477324,24
R5.82,11.78893184,491.493834,0,20.54618742,1852.462217,1212.471436,15
R1.50,15.86314582,736.600708,0,18.98896982,1042.570923,292.2476044,37
R9.102,11.30784129,671.3634032,62.7076419,18.97966289,958.9525146,1097.087143,11
R10.21,16.47279358,980.711302,1.237585546,18.081707,1339.491818,22.96525527,11
R8.62,17.52542498,856.6589965,14.52229308,17.78700828,938.8981934,50.66202546,38
R7.59,16.38906097,945.541869,8.03504563,17.95470045,1335.076659,120.5626793,115
R9.41,13.76806641,606.7653808,0,19.53603267,1194.863098,744.1813049,28
R5.18,13.97270299,874.717286,0,17.41712477,1583.578126,654.899933,55
R9.139,16.20655536,1022.653869,0,17.43324758,1324.378479,36.86693286,48
R9.24,16.97354985,673.794495,0,18.01643848,1351.553039,14.30318558,14
R9.81,16.90275192,784.257815,0,17.3690071,1305.811769,17.78992938,19
R8.41,16.62758828,907.849242,0,17.57489968,1821.881958,15.37634086,45
R7.113,16.41288566,727.7481095,0,24.21480942,2404.495668,10.4288125,10
R10.104,19.11328506,1439.379394,3.794821739,20.2393837,2320.333986,10.93073559,9
R9.54b,19.22772408,1677.611938,0,20.5661564,2056.219846,8.471226215,5
R5.21,19.24259951,1680.600586,0,19.74330521,1961.730956,19.54492951,19
R10.6,11.14414026,164.9595339,0,18.81906701,1340.29248,9.312711835,10
R10.53,16.46761514,1116.750488,0,16.8233509,1351.386228,6.703384878,21
R10.32,15.45704176,959.3585205,0,17.2899332,1388.364746,11.75361383,18
R10.108,15.45008947,1055.370606,0,18.62817287,1471.75464,2.837245137,8
R9.73,16.06634142,1127.771729,0,21.08318903,1991.688231,38.10626602,34
R3.13,11.70374489,892.131592,625.0875243,13.73753549,1432.169188,1170.411253,37
R6.135,15.38879588,603.1058044,249.8957368,18.80908776,747.6810607,653.0531464,28
R2.27,15.5848341,620.6191102,372.968445,17.36245823,792.1148988,602.7493592,16
R2.68,11.9223585,501.2239991,194.6009216,16.44293594,1041.09375,1007.467987,20
R6.162,16.81543065,468.4873963,152.645813,18.64623163,634.9947815,344.5281221,62
R2.113,14.34269953,625.7715453,243.7638549,17.02706384,746.2504273,624.1626892,26
R6.126,12.0744648,650.0993041,259.0700682,18.53545568,1027.628601,1217.416992,77
R6.67,12.65257358,569.8234253,148.8692324,18.78535557,769.9505617,938.2977295,50
R2.94,14.57236481,516.8352051,283.5251466,16.79456713,843.5329587,612.2434082,29
R2.62,17.19062998,513.0363158,180.1837465,18.6017399,753.4017942,418.9259341,13
R8.104,16.82889748,1165.999267,3.912813184,17.08530616,1247.199463,45.56960108,9
R8.77,15.20997236,896.7353508,9.54201508,17.08505248,1319.943968,361.3706435,71
R8.1,13.03511572,351.8088385,0,15.39669846,2661.528078,672.2498168,22
R2.11,11.16526319,638.3654176,529.8991699,14.26775647,959.7765504,968.8278809,71
R2.192,11.55209544,666.7406006,486.7453002,13.5641346,955.5208738,780.9772338,37
R2.95,11.47124577,673.1763,564.3426514,13.8156681,938.4477845,689.3700561,38
R4.90,10.99571607,621.0025636,518.5022583,13.95549391,1000.140015,921.3547975,41
R4.62,10.92685796,641.4470213,414.7193299,14.45403291,859.4819944,956.7948915,32
R5.9,12.37251283,888.451538,0,17.54559899,1613.45581,306.3280485,15
R1.39,14.11211253,692.1756895,0,17.93132353,914.7764588,431.5703736,86
R1.87a,14.59249303,797.5322879,1.6058198,16.47311591,908.8003543,428.0735322,33
R8.121,14.2132578,879.020324,0,16.19582749,1368.01947,597.8874664,6
R8.50,16.8857088,1014.02655,0,17.34730243,1286.463439,60.43157912,48
R7.66,16.49073695,979.2402335,0,17.23373699,1568.521606,51.29619026,40
R4.59C,11.24588204,767.439453,1020.562868,12.31665802,1403.862794,1131.195924,7
R4.4,10.89780807,689.8760986,873.169313,14.20673371,1044.598511,1274.058473,65
R8.29,12.82641887,532.3545234,596.4020691,13.28977584,1755.223359,677.964447,6
R8.47,12.17561292,779.79303,545.518738,13.62244176,1058.489746,732.5145265,28
R4.161,11.08803559,608.7981264,223.8936921,14.81752302,1106.340057,724.329605,64
R2.191,8.57048226,462.2229001,690.6449585,11.65976906,822.7021485,1217.031677,37
R6.151,13.71453333,654.6036683,377.8442384,16.23835802,835.8268129,905.0628663,70
R10.110,7.657561304,629.5187991,826.2774047,9.814593316,1118.939209,1090.649475,5
R6.63,7.87753297,551.1324463,0,13.68168451,657.0434573,1227.567535,23
R2.99,12.76894568,579.2785032,224.5292357,16.35077094,739.3234252,878.8550413,19
R1.13,12.13165711,585.8006289,239.5849305,16.65406655,734.644501,841.4109801,18
R2.91,14.00701379,573.4132386,178.2511292,17.5698638,684.2250061,533.0534668,12
R2.70,14.27538964,568.1083985,273.9999389,16.9144964,714.5004881,571.9198609,45
R2.201,14.56768324,536.7934571,122.1011658,17.42164516,753.2631835,606.2394714,17
R6.140p,15.4498949,572.8241576,112.6520994,16.53197958,658.2987668,453.856323,9
R2.74,13.86563777,589.3558349,164.7143859,16.77240277,700.5573731,640.2788389,27
R2.72,14.3214388,494.99823,0,18.3019724,941.3744504,543.0625607,9
R2.151,14.24423791,574.1620484,129.2763367,16.58210944,672.013794,680.7471313,16
R1.73,15.41814614,503.0427856,14.20513344,17.03911018,870.5303344,129.9379558,9
R6.119,16.3445263,556.1677856,150.5673676,18.43647956,673.7044066,358.4294586,47
R6.70,12.04490567,400.549774,39.5153809,18.03024008,1158.377594,1217.114746,60
R4.63,9.248667235,914.2617803,773.31952,12.38394786,1048.565735,1430.548281,40
R7.47,11.98025035,733.5622559,605.0036622,13.45492841,1039.140747,836.321045,39
R3.20B,11.8533349,1068.690124,904.6777345,13.16553258,1380.698425,1073.734621,26
R5.79,15.08172988,722.1729431,0,18.43543627,1283.91745,515.0443039,18
R10.114,7.87650872,534.9293214,758.7620849,15.66057776,1701.946167,1797.053588,45
R10.50,15.12992095,486.338624,0,18.19740295,2491.429932,8.033943655,7
R5.48,18.05070114,1613.669923,0,18.34679794,1694.514159,17.33012389,13
R5.48a,17.7030077,1577.2865,0,18.38403606,1707.711791,37.00074436,6
R2.153,14.53014276,554.5753175,270.8514404,16.83014584,694.2949219,602.391113,71
R10.163,16.96692753,1118.581481,0,20.01072599,1708.153258,37.46571684,14
R10.105a,18.78166772,1292.591185,2.003207684,19.96350668,2117.744997,68.17455436,5
R10.119,17.33770178,619.828003,222.2173615,18.22984121,655.7811889,346.1840058,8
R6.71,11.2963209,600.1035766,379.2026978,15.05392266,919.6124877,1028.376831,32
R1.5,7.17064287,871.8665161,208.904236,13.07802963,1083.445618,1421.504822,5
R9.103,16.3197775,1016.90155,0,18.26474094,1530.862,22.42004967,50
R7.37,16.98318005,950.727235,0,17.28945448,1498.662049,6.887851717,8
R5.75,12.14408733,1073.827454,697.5431517,15.37864735,1626.234558,1080.066162,14
R9.117,14.08422375,833.172912,89.82025145,18.14016819,1319.846376,712.9411009,22
R3.12,12.48469445,1064.36194,589.8380739,14.75096415,1167.221194,948.3242798,30
R6.88,11.33590554,690.2882387,636.5142822,13.57236241,778.0163881,821.0178223,16
R4.44,10.7728567,657.6218872,690.4328919,13.80676175,845.8179932,1087.408051,28
R4.66,5.883160592,767.782715,1071.82898,9.887747764,1489.999513,1413.366088,19
R4.48W,6.409847737,1105.807799,606.262206,12.37729406,1904.243346,1665.4599,10
R4.136,2.75203562,1250.353027,1207.709105,8.316488744,2628.589843,2038.946409,49
R11.84a,17.3954792,1210.965941,94.4189606,18.4974842,1746.442993,269.96315,11
R2.168,11.90933894,687.9582521,681.9449464,14.65223599,854.5477295,1361.164489,40
R6.27,14.96176243,626.0255126,441.3761595,16.69955159,810.2480468,765.5540161,91
R1.43,13.04435205,864.5781262,364.6700742,17.35527755,1099.656313,895.4362488,30
R2.107,11.97546341,624.0204773,463.337433,13.92910623,764.0281068,735.4409483,82
R6.148,12.91394997,598.0188598,150.4975587,18.07244683,865.117737,788.4377441,39
R2.141,9.665492535,767.9551087,582.5393675,16.6432376,1266.117157,1656.887574,12
R6.116,12.99863817,555.704773,268.0681765,18.77722169,796.514099,1091.533997,33
R6.130,14.22335622,301.4009399,79.9674682,18.4220295,854.1399539,766.0189822,17
R1.88,14.03645705,706.032196,0,17.5348091,991.1726988,474.4085233,30
R7.64,17.21736336,1009.165162,0,18.33877756,1275.377562,218.1623534,33
R1.98,16.94449045,1033.115477,0,18.9355755,1410.697266,337.8006057,82
R4.70,9.56285096,838.3452158,633.501586,11.60734176,1056.888673,1174.229858,13
R8.116,10.26687289,961.000062,1025.267883,10.6767497,1120.452578,1167.422669,18
R5.72,16.1281891,918.41742,0,18.588686,1745.730408,140.3561239,36
R8.18,16.99704646,968.8544315,0,17.52839946,1274.089294,64.19725801,160
R8.57,16.74254801,960.443845,1.224255564,17.40207101,1244.752929,30.06816578,61
R10.125,13.6360154,573.9006042,212.876053,18.50396014,707.7513734,729.4016571,26
R2.12,11.15756609,742.3363036,753.9971313,14.02712251,906.0419922,1179.832336,24
R8.54,11.82912159,1153.804687,830.8580323,13.49730395,1311.080567,1172.35608,59
R7.97,13.92148016,653.012147,0,17.47324944,1578.191713,648.5424767,12
R2.82,15.89287377,581.4092406,192.7752989,18.46771813,677.5986938,442.9308165,45
R2.173,15.09453012,622.165222,363.8583373,17.18164636,732.8847044,619.4467165,45
R6.53,12.75940799,594.28479,346.4318542,17.13484097,715.4873658,745.009857,34
R6.6,14.24473097,571.1602781,343.2318115,16.98123073,751.4705809,703.6240235,49
R6.191,13.05191089,552.806946,264.6337434,16.41098166,711.5498658,858.7018892,14
R2.135,14.3635092,542.9230347,429.6392211,16.31824018,801.0556031,676.9933471,55
R2.49,15.82432746,599.3730468,299.0205689,17.55656242,689.8763426,439.0131227,31
R6.167,16.15421867,523.1516418,241.8642884,17.01334381,650.0382385,419.048523,22
R6.19,14.04077719,487.9557494,147.9618529,19.26542663,704.251648,472.4781493,23
R2.86,14.63942623,533.421814,332.1044924,17.59664059,807.3676148,606.37146,17
R2.172,13.7253151,637.4811401,284.7736815,17.61410332,697.5026245,644.2880857,39
R6.68,14.07610084,655.1997679,570.7781982,15.93530511,726.2286987,783.3742067,6
R2.178,14.96735669,581.8071902,231.2549437,18.31431103,683.3738405,565.8086548,26
R10.291,12.7871628,624.924103,466.6274414,15.86516285,924.5483703,985.0430298,6
R10.236,14.92054367,340.3795931,121.6173326,17.87498857,552.2730561,255.3622514,26
R6.72,13.92663479,579.0573119,264.2026674,16.30320643,695.0795287,660.0819398,29
R6.74,15.01966667,431.6748351,98.89114385,17.53368759,621.4878846,517.6945191,56
R6.85,12.42944147,650.5986328,400.5769652,15.96484187,989.236084,1142.668762,93
R10.233,10.65083933,593.7547303,335.5074462,15.78745031,833.4178773,901.4205932,18
R2.83,14.86139202,610.6336671,433.350769,15.52106,644.3961183,534.8236696,15
R6.95,12.031991,480.3778382,209.5289305,15.93034458,859.0103456,745.4821165,28
R2.202,15.92328072,487.5930786,286.6092223,17.5067158,668.1914674,389.9698179,9
R6.180,14.76360702,560.0475159,255.4675601,17.86444761,679.7022401,610.4568179,8
R2.93,15.31415083,556.9344483,250.3498231,18.01122952,674.7185671,381.2064514,24
R8.76,17.26008225,1184.846559,0,18.97104836,1511.631959,165.8244762,26
R5.54,17.29754639,1483.939453,0.947598459,18.89707947,1684.253417,29.91237926,9
R8.71,17.01132012,1185.744872,0,17.35967828,1697.526854,41.90583087,27
R1.47,17.18820572,1200.606933,2.007122039,17.3765869,1289.572265,8.294676781,7
R10.55,16.97942544,1059.341979,0,17.71365548,1406.55084,5.633234085,10
R10.39,16.26493838,1156.496094,0,17.61264802,1265.359866,37.22077465,9
R2.118,12.4560709,585.9409791,356.2807007,15.855422,771.4889527,899.7744751,79
R9.56,15.13400841,1103.432008,0,17.68441585,1341.479372,52.22122669,33
R2.130,13.49796868,784.4929201,864.0887147,13.94297124,855.3754883,894.2051088,6
R5.58,10.27429676,577.499268,573.670166,13.58125404,2191.870848,900.6503904,41
R2.100,12.64835452,608.4136963,427.192932,15.33931448,725.7816163,772.623352,13
R9.111,10.62744524,699.610109,706.7496338,14.11093712,1393.356445,1031.425904,27
R8.97,12.43420982,743.4226073,634.9087524,13.96325302,857.0716551,841.619812,19
R8.60,10.05286217,849.4963686,445.3475648,13.37855342,1266.7565,1208.548127,16
R4.121,11.08849288,715.5027769,437.072449,15.89993715,1007.086761,1017.392822,40
R8.61,17.16549112,726.3435669,0,18.06347848,909.9751589,134.2245598,61
R8.51,16.66476249,1160.93567,0,17.41701317,1878.239136,44.60667659,27
R8.67,17.04247284,1165.532106,16.32227041,17.51309205,1278.617189,73.97050572,10
R5.17,17.06511687,1242.205262,0,17.28137398,1277.57489,21.31573438,28
R7.50,16.91083336,1196.293579,16.53040506,17.13129234,1480.084105,55.55397226,15
R5.8a,10.62310028,109.3590096,0,19.60542201,2138.356018,1241.58905,10
R7.30a,19.28099632,1784.088623,0.145358085,19.6199894,1849.436035,22.90647173,11
R7.138,10.36658477,891.680297,211.8829344,18.32477569,1830.608033,1187.629395,7
R9.57,14.52067375,965.483276,62.4745791,18.24967003,1453.234256,750.9146423,41
R7.72,16.71663665,1124.34674,0,17.49363135,1304.044981,7.051820994,8
R8.1a,15.49921607,1192.648684,0,17.06512639,1461.339112,179.7627278,9
R7.86,14.75410464,1062.274777,0.287590979,16.96399688,1224.809937,77.03344821,5
R3.7,13.86292697,857.8035277,728.6015929,14.83155107,951.8556519,944.1189881,30
R9.100a,15.1564827,675.9496766,312.6058043,17.01909066,1162.144745,609.5462646,14
R1.22,15.13332558,834.762329,140.0804138,19.28099632,1841.932251,741.1299744,27
R10.282,13.22381497,1190.716431,387.673523,16.43322277,1770.027711,1053.476135,7
R7.109,15.53099157,1009.033325,514.0596008,16.93021108,1204.327025,779.2745668,10
R1.51,15.08533001,939.8164061,236.7092592,17.64927006,1248.361756,889.0543822,16
R3.20A,11.98745155,853.2320867,858.5585327,13.88348961,1159.966403,1134.892213,94
R6.94,13.01308537,571.3470459,261.2393188,15.21457197,720.4676515,680.4675902,23
R4.148,9.84653949,715.0442507,745.3293458,11.63359165,883.4678347,1060.295654,57
R10.180,10.78456401,347.6746826,0,16.91533949,873.9144286,1347.733063,9
R6.177,12.69860507,430.9546203,24.67771915,16.09986259,769.4956361,711.7559052,64
R6.156,14.80842448,376.5833738,12.31028,18.38653613,595.4834594,411.0252151,46
R2.90,14.45945547,494.0460817,168.3595275,18.41579247,631.5988159,382.2407531,19
R6.77,15.77520467,515.8725889,197.7228547,16.99403287,586.1286924,418.9021149,18
R6.173,14.90376949,418.1529695,178.5019228,17.74583626,604.2318574,336.4903872,76
R10.223,14.72223759,280.9738771,163.3288267,16.92172335,660.1689455,332.2912903,25
R6.131,15.97585677,432.7814943,149.8244174,17.32725905,558.1776123,298.962967,45
R10.143,14.97140979,477.0717164,200.4042663,15.92415333,503.8049928,327.1879577,7
R6.160,17.3935938,345.563324,115.1000747,18.85447981,614.2341921,390.5111465,26
R3.41,6.98874187,1173.242796,653.090698,14.17397215,3492.880004,1912.890504,5
R2.194,15.83841894,545.5039673,304.5417481,16.71658134,610.6891481,417.9464113,31
R6.125,15.84274289,515.7301024,244.7102051,17.13544083,615.2973632,501.7738037,19
R6.103,15.84912303,569.92865,225.9351961,17.65373042,809.2218629,578.5502473,22
R2.138,15.52809908,477.7578432,284.1158753,17.6204567,878.7668151,638.7594909,10
R4.15,8.683598508,772.8892212,651.7965698,11.75533772,1160.534973,1141.941347,35
R8.85,9.73180773,832.242981,476.1036986,13.23982813,985.327942,894.0667114,15
R6.189,15.02215575,608.6184388,91.8660661,17.83233453,762.4094542,335.0254288,30
R2.185,15.34549519,579.7351073,196.8686984,17.21582603,639.8432617,394.6721652,17
R2.146,14.32292937,578.918701,117.8549804,17.00359725,770.3745118,716.0024416,33
R6.58,15.27675057,588.0958864,106.5760497,17.54512217,740.3746948,483.9470213,97
R2.182,13.43508291,577.9296875,90.6309358,17.1628909,777.2529296,831.6358185,20
R6.107,16.1243944,604.8501282,78.7768632,17.26564313,691.4640808,254.2280961,28
R1.82,15.22881794,548.3310548,0,18.74380301,831.9993895,698.8404846,20
R5.90,12.45555021,703.995971,0,18.84218885,2803.393921,1000.212982,27
R9.62,15.53087233,1051.399416,0,18.26709748,1395.206665,330.8861848,58
R5.84,16.00684071,1137.367249,0,17.072402,1286.731629,70.16775132,20
R7.60,17.16152574,1217.814087,0,17.23165513,1227.176513,7.605422974,18
R2.159,17.55476284,615.6585694,294.2398222,18.0997343,644.7958374,385.6926728,18
R6.78,17.65275384,614.7792358,255.5558776,18.2321148,647.9718626,366.8049012,9
R10.155,18.07855414,601.5703128,241.7494812,18.41316032,618.2940674,269.3679504,7
R6.79,17.74267005,551.2842102,104.854172,18.42093274,646.7870788,310.1240999,24
R10.156,17.59172536,607.8581849,206.5342254,18.36402798,638.2504578,325.8453827,6
R10.157,17.57885074,595.4056701,203.0864411,18.70447255,655.3511658,350.4485323,14
R8.94,16.5093403,778.7146595,0.301136018,17.55578614,1426.54779,8.980142595,10
R9.33a,15.10846423,979.146606,262.2857665,17.41331195,1648.62976,924.9123535,7
R9.2,10.0245266,690.9005737,357.0803224,15.74791528,1006.986755,1281.908447,33
R4.79,10.82580185,658.03714,761.9075625,13.49271869,956.3367004,1217.957673,16
R4.97,9.16420746,493.6137696,627.1456298,11.95423316,880.0909426,1152.589721,31
R9.76,8.878402225,694.9152222,0,15.05392408,1223.011109,926.7734356,10
R1.108,15.67396738,959.10678,0,18.07224847,1153.977569,318.7947387,6
R6.87,12.15418243,536.9887696,273.7565612,16.33110427,1142.687134,652.422516,19
R2.119,13.7130661,584.393738,428.1055908,16.24180986,698.7809448,763.3153076,41
R10.269,16.23995496,647.0592645,0,20.122056,1198.215821,4.47502792,30
R9.132,18.07658674,1083.905212,0,19.21778012,1872.123108,63.61476516,36
R8.115,11.53586863,838.624266,439.6046142,13.08096409,1381.779296,826.8720702,19
R7.106,16.53388024,909.908203,0,17.13703346,1359.754149,116.8341141,15
R11.74,17.07783127,1099.450439,0,18.96860503,1352.822753,102.2561646,11
R8.101,15.43268011,1030.312134,0,18.41143987,1906.70227,617.1416852,49
R7.65,17.55422403,1120.678099,7.87468336,19.01484109,1553.164671,116.2295799,47
R7.102,17.70967293,1283.343507,0,20.53736687,1481.853273,60.28396418,47
R4.129,6.059391974,1091.00305,1055.686768,9.864042282,1901.93396,1509.403076,27
R6.127,13.32187652,774.1054075,348.7112428,16.96544264,1019.596497,830.9909058,7
R7.125a,18.67447854,1300.907594,25.86431502,19.26384926,1433.354858,39.95067978,5
R2.102,16.01144982,543.6783447,272.0448913,17.04860498,587.7884521,437.0479429,15
R6.91,8.27277946,428.2133789,547.5555417,12.07095147,698.2984619,1241.479981,91
R4.142,11.7123184,524.8840941,240.7548523,14.24251556,1052.795471,762.1952819,61
R10.167,13.11694432,606.7073365,360.8961945,15.48883345,728.2890017,609.0221406,10
R2.108,12.67091752,636.122345,216.7672578,14.74137879,789.0150451,647.1494601,30
R9.127,16.78580476,1000.38196,0,17.19702148,1466.99109,10.34647465,23
R1.114,12.19590617,841.3913267,516.8235473,17.18274165,1520.078764,1045.96405,52
R3.25,11.51946163,879.5787353,848.0963744,14.63094997,1024.451172,1228.230775,27
R3.23,11.40279864,784.3427123,865.2004994,13.47824764,1041.882873,1210.841001,35
R10.251,13.37363053,750.8274537,66.4078676,17.83670043,1690.638978,985.1478578,16
R10.197,9.9127612,1051.319398,938.554383,12.22952317,1332.830019,1644.874817,6
R1.84,12.35785341,776.4039306,40.9270325,17.34859036,968.2702634,935.7524109,24
R1.87b,15.55464075,692.7357789,0,16.87749577,846.3020631,842.0367433,7
R3.34,10.29157448,787.9692687,955.345582,13.29553605,994.841095,1534.002197,82
R7.99a,15.97709848,1067.508421,10.85882187,19.51199914,1714.986207,151.4387436,7
R7.61,11.78060911,1096.863526,716.018982,13.69795417,1416.000978,1099.938049,19
R4.100,6.757427195,898.5314942,408.5895692,12.69835855,984.180664,1224.331329,14
R10.172,12.11806395,1141.184693,889.0721742,13.37384606,1461.986817,1189.128938,16
R8.78,12.64344217,1130.70703,922.4125977,13.99514581,1380.31909,1190.843507,7
R7.115,12.97018052,1239.753907,347.327423,17.45190144,1458.795045,827.5575866,10
R2.110,14.03493692,771.104248,641.4031984,15.12682916,849.8022464,905.3802492,17
R10.173,14.19283296,724.9214783,550.1562194,15.85569286,821.7489929,935.356781,6
R10.11,13.91563271,864.1107481,411.3215331,16.70838596,1054.987518,709.1969605,14
R6.124,17.14774514,593.9874267,185.0428467,18.17736246,708.0748291,393.8199463,19
R2.112,16.79571152,594.0552978,245.4721374,18.04690934,672.5460204,440.6128844,15
R6.100,17.68325995,669.7217101,315.0357056,17.79527472,680.3563539,334.7830504,14
R8.79,15.99606323,971.615724,178.6318055,16.59879303,1194.427248,236.9609679,5
R2.115,15.89870169,580.0717773,294.5766296,16.08103277,637.0788575,382.0118714,7
R6.64,11.56370066,588.2111818,0,16.93443202,831.7395022,903.7417907,21
R10.178,17.67689134,567.4858397,191.6850586,18.37475968,625.8814695,276.2720338,11
R4.144W,10.30305434,790.0129395,908.3932189,10.95117425,855.0980225,1032.796478,12
R10.3,15.12632562,352.6221621,98.71885675,17.20349502,613.8114624,458.2842256,18
R6.146,10.63064101,662.6446227,471.8966979,15.93178369,943.4712828,1250.854644,60
R5.80,15.91538427,642.1400757,168.8591308,17.22812079,786.5875853,315.7741088,5
R8.42,12.26696206,441.830808,797.869873,13.29026034,1263.878294,1010.557373,7
R4.14N,9.341083049,845.1245124,1172.411682,9.638521672,1110.405333,1198.139589,6
R2.111,16.66716385,581.9551393,368.0809326,17.42117691,733.4223023,522.8195192,7
R6.104,18.0159817,559.1486206,220.8797302,18.71353722,622.518921,248.2399903,34
R6.110,15.63654043,649.2290652,65.7973328,17.0063162,721.6352541,567.5596619,16
R2.152,14.76601695,589.1651611,224.4518128,17.09067819,671.9820555,520.3347472,5
R8.86,11.45938731,-90.0080559,483.118988,13.93714857,1836.862184,746.8729553,8
R8.89,10.11707545,796.1852415,621.4875182,13.32299092,1432.931335,1237.400664,32
R6.168,15.89603709,644.0855409,212.5931704,16.80569363,690.6111147,384.7212526,18
R1.60,14.91129017,560.9577025,61.2217562,17.50108433,885.5834961,532.6757049,22
R6.86,11.67601204,735.4750977,377.8472289,15.89352228,1437.952883,1404.663879,9
R6.101,13.44159888,571.2873537,283.4276123,18.63761712,909.7868653,854.7934571,33
R4.47E,8.855646136,640.7659606,776.439759,11.69775867,1078.316864,1339.388243,18
R4.94,8.554854393,840.3624572,477.6991268,9.970603943,1504.620209,1358.349153,10
R4.149,8.901355257,477.4432983,664.9137574,11.48182439,812.8056641,1216.132141,22
R10.187,12.13183878,524.010315,231.8739166,17.32113265,581.4143066,331.0645295,6
R10.59,-1.738810777,222.5224615,1104.085999,10.81020713,3088.973267,2904.375671,10
R9.28,15.99103928,453.4116212,0,18.95653916,1282.254089,224.2391815,14
R8.66,16.79718495,1072.904969,0,17.45762731,1288.806337,13.18281269,38
R9.49a,14.73882293,815.1205141,0,15.85167503,1178.49704,4.263752879,6
R4.24,6.762272835,637.8156739,871.195679,11.01465321,971.1573487,1319.486449,27
R2.10,8.492632872,434.721588,647.617737,11.71882439,949.4520568,1190.197815,14
R9.94,12.71068526,947.924316,139.1209642,15.35729074,1171.723023,291.8861619,6
R7.114,14.18950656,836.2108765,0,16.71908952,907.8234253,336.6092835,5
R8.46,10.1455059,1108.262696,0,18.49777794,1391.770508,1154.797424,9
R6.113,14.86859371,591.1170348,281.5007018,17.48449087,758.1606752,609.6282654,10
R2.162,14.10666894,776.6183168,386.0064698,15.37756966,825.0674132,962.3649901,10
R6.137q,12.38864994,733.7915038,483.720398,17.41431522,840.5961914,1079.004578,5
R2.131,13.78801012,760.4761048,693.6842041,15.08835744,884.7837828,979.7232664,16
R6.163,16.77266883,647.7737428,350.6437378,17.35551643,673.6165162,450.1704712,15
R6.120,17.88733102,551.8071291,160.2083283,18.61857796,620.6564943,242.7292021,23
R2.137,15.25422335,562.1263428,372.0459441,16.28608276,621.9013062,526.1330109,30
R4.42W,9.307352068,541.4381102,0,16.57751749,1221.313234,1200.12253,10
R4.104,11.08988381,928.065063,827.403076,14.85116197,1207.845703,1494.032468,35
R6.128,13.50529433,724.4783324,292.2022704,17.53878736,995.0500489,827.8321531,8
R4.106,9.49748658,1019.816895,1174.889955,13.13814879,1353.948608,1546.883239,26
R2.142,12.43537522,662.221924,482.7793578,16.5625782,890.35022,1208.380188,19
R2.143,13.53847024,720.0866091,497.5997313,15.9130926,812.9813845,901.7637939,27
R4.160,5.827082158,655.624206,1446.335081,6.787749769,2562.232118,1744.413695,8
R7.100b,12.96609926,784.512085,498.2701111,13.70908881,987.6849978,624.5555726,6
R6.31,13.68586447,510.3997192,199.411743,16.70466901,824.6570436,733.8339844,15
R1.46,17.03814031,884.7783509,0.604952098,17.08754445,894.8331604,16.37452102,12
R10.263,14.77599906,397.8134768,92.9088743,17.60254858,550.0739748,405.9397583,25
R10.235,14.61265756,425.5630493,207.8263552,17.322958,541.5198365,463.383362,37
R3.14,11.59603833,1145.312134,859.2466442,13.89802122,1933.621094,1288.853762,20
R5.98,10.38612652,1317.406249,889.384034,13.48753264,1600.044921,1248.723386,17
R1.77,12.64460944,773.6832887,0,17.21485712,1056.788758,988.1372072,21
R2.79a,10.59374428,696.1810302,852.765381,12.38082504,926.6602784,1297.456787,7
R9.100,12.78317831,903.5916138,357.3457031,15.06926535,1131.796205,890.9719239,25
R4.144E,12.05501462,672.1901846,621.6150513,13.31786824,1297.338135,794.6727907,27
R9.37,12.41704228,796.5963145,583.6399843,13.55329373,1669.529421,787.1542054,46
R6.169,12.14003373,594.8294371,112.7532655,16.90617656,945.6877137,849.5277406,10
R10.13,16.11150931,600.4773253,217.3308792,17.14390182,645.9298401,416.0299607,6
R4.166,7.750318538,542.0903321,347.2103274,15.25748255,818.6914061,1434.018189,9
R4.131,7.272225382,689.503051,1050.051756,9.861830714,1327.461547,1432.658204,41
R7.116,12.59921646,965.09955,594.6670524,15.10902786,1101.97211,1063.770322,5
R1.85,13.01451304,866.2149659,508.7243044,14.21553612,1011.214966,916.1596068,5
R5.103,15.89678384,926.383729,0,17.53805352,1504.214295,158.4642944,46
R2.156,14.60489081,709.5311891,399.8086243,16.14678765,805.4332887,695.4071351,25
R8.98,15.24285411,718.0250244,86.2460023,16.57132051,1195.658691,435.3670655,7
R8.82,15.50853731,555.6879883,73.0780029,17.36448671,858.1701659,367.3494873,9
R6.93,14.39791582,337.7661743,0,17.07867718,620.3118897,301.8395386,23
R2.204,7.13075924,644.9358518,948.404664,9.982798576,1194.873108,1353.82312,25
R6.144,19.41561506,406.0819701,116.9735413,19.65088272,420.6926269,143.2381897,15
R10.228,19.59995842,412.8465576,123.9286728,19.59995842,412.8465576,123.9286728,9
R6.85p,12.24897767,685.7650757,620.5300292,14.06311607,839.9006957,936.9588624,7
R2.187,12.32568263,854.8703919,974.112732,13.2772789,899.0762024,1120.177186,6
R8.100,15.16919231,706.125061,0,18.53287027,1515.796203,482.6187361,16
R1.92,17.73852634,926.3530905,15.91305734,19.02793406,1366.433169,91.4489956,38
R10.107b,18.03308678,1356.908083,0,19.5985508,1477.427125,58.26946069,11
R1.95,12.35203647,1009.058352,668.8993531,15.09043597,1106.180666,793.5272827,6
R9.107c,16.1199894,767.4800395,0,18.14250566,1452.799805,279.1825256,70
R1.59p,16.50257873,914.935668,32.8545686,18.39721677,1153.1886,172.9599458,9
R10.283,14.35386658,2160.334229,253.637726,18.94997406,2655.909425,880.0707092,45
R3.38,12.19521808,1191.072386,836.0025328,13.37594318,1417.115235,1076.681,18
R10.231,16.852623,1075.737184,6.5608828,17.81237028,1222.545288,367.1271056,9
R3.31,8.785362725,644.6699835,1072.664732,12.27250339,1659.839784,1826.447937,6
R4.122,10.50449657,1177.481809,1339.383546,11.41168115,1829.671021,1463.023926,7
R1.105,12.34844587,708.6587829,314.1187136,17.4544735,1189.245148,901.8399353,16
R2.167,11.11725331,924.6306151,1211.400511,11.84665775,952.3051755,1523.294555,5
R4.124,11.16400529,735.7329711,982.034424,14.12134169,945.2730103,1561.752196,9
R6.154,16.75563814,422.4606478,192.5784303,17.36805725,521.6449738,233.8891297,12
R6.159,16.42493439,336.5246278,161.9848329,17.58911895,537.8675234,255.0607605,9
R6.118,15.4463825,325.5760498,152.658127,17.17647361,523.8924253,239.1892091,12
R6.155,14.78396418,430.6616209,162.6782074,16.93343162,517.5821533,381.3904266,9
R7.119,9.73078156,989.177857,1051.649782,13.43119432,1540.053345,1539.16687,5
R11.115,16.57422447,2054.658326,152.8098755,17.92223168,2456.564086,349.7765963,6
R1.3,10.47047042,1040.338625,0,17.83313369,1294.036987,880.6158067,8
R7.139,16.30070113,909.256042,0,19.89968299,2544.986634,867.315033,22
R5.33a,19.11966513,1529.508298,0,19.38861657,1806.313474,6.61259556,5
R4.130,2.767614126,675.5688475,1064.505798,9.660237073,2794.772094,2089.483093,26
R4.128,6.429179667,1392.870972,1305.934691,8.275589465,1692.539428,1597.193969,27
R4.132,7.245659352,1391.444091,1215.91614,8.12187624,1685.599367,1386.472292,21
R4.157,4.20170951,1307.871643,1202.656862,9.023147345,2425.63849,1980.074585,48
R10.57,8.505706788,1073.968626,1158.276977,8.848543168,1090.652222,1214.348999,7
R4.158,1.950867176,1252.343566,1416.884828,6.57942009,2335.76776,2179.776917,24
R4.133,3.604313018,1439.754518,1715.099062,5.194410922,2558.843383,1999.411806,22
R10.56,2.314935207,2155.163821,1735.732238,4.726824998,2735.247561,2234.02533,14
R4.134,1.27378881,2240.063598,1751.018312,4.612828137,2960.047976,2415.923829,38
R10.58,2.515885113,2429.124512,1929.947509,4.095803499,2713.57373,2220.285643,7
R4.137,2.983953953,2166.883789,1812.042238,4.504498005,2592.721677,2104.048586,5
R4.138,2.240314723,2399.612062,2016.363525,3.878267051,2791.591066,2372.237547,7
R7.124,12.73148586,1120.482485,628.5461122,14.79513503,1677.256775,1103.394562,6
R3.37,13.05604076,1041.188597,744.1497801,15.63643932,1318.970337,1024.685913,5
R1.16,13.86680414,744.617677,162.3278196,17.42029382,1159.279785,286.0236204,9
R1.99b,15.93400764,899.090575,0,19.64694024,1934.822265,299.7882537,19
R10.274,16.42165947,590.338959,268.0560609,17.75396157,670.3210754,396.8363647,18
R2.200,16.49815367,615.0087889,243.8429567,18.19161987,695.6677245,438.7938843,53
R2.179,15.406271,629.3169862,281.1359863,17.76492882,714.34787,468.3174134,22
R2.174,16.37687683,648.9385374,335.5749358,17.19717979,685.9132081,438.2991181,14
R8.25b,18.5264454,1247.523438,0,18.88783074,1730.959716,60.95693971,19
R8.119,16.48747061,1960.512453,121.2090757,18.18279077,2673.539797,478.6574401,17
R1.116,16.76569748,1126.682619,11.68776896,17.34544756,1197.376951,25.88018228,5
R2.176,15.51184653,629.6199951,287.7438659,17.75484657,722.6107177,561.7843933,67
R2.177,15.33293247,653.9753112,296.7640685,17.30551242,713.2651063,538.9537352,24
R2.24,15.17285348,602.5975952,176.5202637,18.58720588,710.7496948,530.2541505,29
R2.193,17.02319813,583.2419738,189.8816987,18.33316898,657.7026671,376.2931823,26
R11.132,10.49821426,810.6550902,597.6627504,15.75846051,968.6635742,1266.032563,8
R10.273,17.66784286,590.6279909,217.3003238,18.13136674,618.6768189,253.764313,9
R11.125,17.55734633,1111.312988,0,18.92338181,1210.33496,97.94631005,7
R7.100c,11.88568259,945.338866,555.6496581,13.81413031,1648.708741,774.9457396,6
R6.165,14.85720731,484.1781005,290.2827757,17.48232649,711.18396,582.629669,8
R10.260,15.05125999,586.7119141,366.9285277,16.06389047,633.5861817,518.0042113,5
R10.150,13.80337096,504.3404236,196.1896213,15.60492183,657.2528382,441.570389,20
R10.290a,15.52495673,663.9371965,0,19.9497614,1598.211732,6.09065676,14
R2.187a,12.5121479,842.9534912,983.643678,13.0146885,889.9427488,1072.745238,5
R8.16a,16.88287545,825.3961181,24.78019141,16.92854501,829.6861573,26.46225165,5
R4.171,7.07617856,519.598877,113.3524778,14.13102056,812.902588,593.6588744,7
R4.152,4.344213488,749.591553,1076.766236,10.0696373,1461.132077,2030.6178,5
R4.48E,6.533441543,496.6199341,987.140871,10.79295922,1559.221251,1577.220947,9
R4.154,7.343289376,531.4380495,325.7208864,11.73627566,910.9138795,1129.077576,13
R4.167,7.675195688,538.4766846,479.7227172,14.44420432,1001.258179,1565.822326,5
R10.272,18.20380306,1025.330932,0,19.64714527,1929.110597,11.54836136,10
R8.117,17.39557647,1066.598082,41.95571522,18.28909874,1185.10431,168.8333474,6
R11.103,17.39690208,1416.389405,0,19.71915244,1910.290281,290.3904266,61
R9.2b,13.22669599,701.4994509,337.3941041,16.20056531,865.2636109,590.6702269,9
R5.11,11.07169533,814.9852906,467.9220583,14.42813873,1062.719421,1125.125916,15
R4.170,10.53924371,370.0600587,0,12.57512093,1145.413574,1415.697387,11
R10.141,14.12661312,924.286256,417.0193176,16.74569082,1553.450074,1104.209686,12
R10.37,14.96134852,2363.588258,26.65599065,17.5973482,2541.708132,947.595566,10
R10.284,14.36145306,2222.635742,918.2231458,15.90742398,2721.852542,1131.845459,13
R10.286,19.00952148,1222.816404,0,19.21130372,1418.092772,45.91693593,9
R9.18,16.21026611,1016.089233,0,17.20436095,1339.299681,138.8079605,23
R10.287,16.65646554,784.9338995,0,17.52173615,1275.859925,85.86148453,18
R10.153,17.05670262,1072.439515,2.970953702,17.38040064,1144.283143,14.70376706,16
R10.229b,17.26395033,1153.550779,0,17.37512589,1805.812987,17.42529488,5
R10.227,19.34430695,412.4161987,128.7993924,19.62340547,505.5214231,210.3618924,5
R11.70,13.26769449,812.3204041,945.3239747,13.85460283,843.8119202,1060.231751,6
R11.76,16.68334009,857.8669425,85.85750585,18.6520462,1772.11133,506.8815995,12
R11.85,18.01990032,1312.440188,38.54591368,18.60476589,1420.704225,134.0686112,8
R11.89,19.35933781,1745.792359,9.245086665,19.57704069,1818.736695,38.16988944,26
R11.95,18.60661506,1176.930174,34.49692534,19.04138756,1360.290282,213.2011642,11
R11.9d,17.52379798,957.683716,31.92138672,18.65162468,1550.33557,105.9493027,7
R11.102,16.39896011,935.333801,331.3359681,16.44363787,937.715393,374.8307189,5
R11.9a,17.37535477,1149.886965,0,19.99739647,1471.013429,216.9915561,6
R7.67,16.91538429,556.084594,0,18.01502417,1788.342406,9.245784521,29
R10.74a,15.80954744,863.957702,0,21.44975282,1744.766175,23.08149314,18
R5.76a,8.353243345,866.8886719,580.3281553,13.81225063,1669.220949,1826.62674,6
R10.83a,15.91714765,1243.319275,0,23.03867626,1678.27472,13.99584723,32
